{"pages":["olivier-bold.png"],"chars":[{"id":106,"index":79,"char":"j","width":15,"height":39,"xoffset":-3,"yoffset":4,"xadvance":11,"chnl":15,"x":0,"y":0,"page":0},{"id":203,"index":129,"char":"Ë","width":21,"height":39,"xoffset":0,"yoffset":-3,"xadvance":21,"chnl":15,"x":0,"y":40,"page":0},{"id":207,"index":133,"char":"Ï","width":19,"height":39,"xoffset":-4,"yoffset":-3,"xadvance":11,"chnl":15,"x":16,"y":0,"page":0},{"id":214,"index":139,"char":"Ö","width":26,"height":39,"xoffset":0,"yoffset":-3,"xadvance":25,"chnl":15,"x":0,"y":80,"page":0},{"id":220,"index":145,"char":"Ü","width":24,"height":39,"xoffset":0,"yoffset":-3,"xadvance":24,"chnl":15,"x":22,"y":40,"page":0},{"id":36,"index":9,"char":"$","width":22,"height":38,"xoffset":0,"yoffset":2,"xadvance":21,"chnl":15,"x":36,"y":0,"page":0},{"id":64,"index":37,"char":"@","width":38,"height":37,"xoffset":-1,"yoffset":6,"xadvance":37,"chnl":15,"x":0,"y":120,"page":0},{"id":192,"index":118,"char":"À","width":27,"height":38,"xoffset":-2,"yoffset":-2,"xadvance":24,"chnl":15,"x":27,"y":80,"page":0},{"id":194,"index":120,"char":"Â","width":27,"height":38,"xoffset":-2,"yoffset":-2,"xadvance":24,"chnl":15,"x":47,"y":39,"page":0},{"id":201,"index":127,"char":"É","width":21,"height":38,"xoffset":0,"yoffset":-2,"xadvance":21,"chnl":15,"x":59,"y":0,"page":0},{"id":200,"index":126,"char":"È","width":21,"height":38,"xoffset":0,"yoffset":-2,"xadvance":21,"chnl":15,"x":0,"y":158,"page":0},{"id":202,"index":128,"char":"Ê","width":21,"height":38,"xoffset":0,"yoffset":-2,"xadvance":21,"chnl":15,"x":0,"y":197,"page":0},{"id":206,"index":132,"char":"Î","width":17,"height":38,"xoffset":-3,"yoffset":-2,"xadvance":11,"chnl":15,"x":0,"y":236,"page":0},{"id":212,"index":137,"char":"Ô","width":26,"height":38,"xoffset":0,"yoffset":-2,"xadvance":25,"chnl":15,"x":0,"y":275,"page":0},{"id":219,"index":144,"char":"Û","width":24,"height":38,"xoffset":0,"yoffset":-2,"xadvance":24,"chnl":15,"x":18,"y":236,"page":0},{"id":199,"index":125,"char":"Ç","width":22,"height":38,"xoffset":0,"yoffset":6,"xadvance":21,"chnl":15,"x":22,"y":158,"page":0},{"id":123,"index":96,"char":"{","width":16,"height":37,"xoffset":0,"yoffset":6,"xadvance":15,"chnl":15,"x":39,"y":119,"page":0},{"id":125,"index":98,"char":"}","width":16,"height":37,"xoffset":-1,"yoffset":6,"xadvance":15,"chnl":15,"x":22,"y":197,"page":0},{"id":91,"index":64,"char":"[","width":14,"height":37,"xoffset":0,"yoffset":6,"xadvance":13,"chnl":15,"x":39,"y":197,"page":0},{"id":93,"index":66,"char":"]","width":14,"height":37,"xoffset":-1,"yoffset":6,"xadvance":13,"chnl":15,"x":45,"y":157,"page":0},{"id":87,"index":60,"char":"W","width":36,"height":30,"xoffset":-2,"yoffset":6,"xadvance":32,"chnl":15,"x":55,"y":78,"page":0},{"id":81,"index":54,"char":"Q","width":26,"height":35,"xoffset":0,"yoffset":6,"xadvance":25,"chnl":15,"x":75,"y":39,"page":0},{"id":40,"index":13,"char":"(","width":15,"height":35,"xoffset":0,"yoffset":6,"xadvance":13,"chnl":15,"x":81,"y":0,"page":0},{"id":41,"index":14,"char":")","width":15,"height":35,"xoffset":-2,"yoffset":6,"xadvance":13,"chnl":15,"x":97,"y":0,"page":0},{"id":124,"index":97,"char":"|","width":10,"height":34,"xoffset":1,"yoffset":4,"xadvance":12,"chnl":15,"x":56,"y":109,"page":0},{"id":239,"index":163,"char":"ï","width":19,"height":34,"xoffset":-4,"yoffset":2,"xadvance":11,"chnl":15,"x":0,"y":314,"page":0},{"id":252,"index":175,"char":"ü","width":22,"height":34,"xoffset":0,"yoffset":2,"xadvance":22,"chnl":15,"x":0,"y":349,"page":0},{"id":37,"index":10,"char":"%","width":33,"height":30,"xoffset":-1,"yoffset":6,"xadvance":32,"chnl":15,"x":20,"y":314,"page":0},{"id":235,"index":159,"char":"ë","width":23,"height":33,"xoffset":-1,"yoffset":4,"xadvance":21,"chnl":15,"x":27,"y":275,"page":0},{"id":238,"index":162,"char":"î","width":17,"height":33,"xoffset":-3,"yoffset":3,"xadvance":11,"chnl":15,"x":43,"y":235,"page":0},{"id":246,"index":169,"char":"ö","width":24,"height":33,"xoffset":-1,"yoffset":4,"xadvance":22,"chnl":15,"x":54,"y":195,"page":0},{"id":249,"index":172,"char":"ù","width":22,"height":33,"xoffset":0,"yoffset":3,"xadvance":22,"chnl":15,"x":51,"y":269,"page":0},{"id":251,"index":174,"char":"û","width":22,"height":33,"xoffset":0,"yoffset":3,"xadvance":22,"chnl":15,"x":61,"y":229,"page":0},{"id":77,"index":50,"char":"M","width":32,"height":30,"xoffset":1,"yoffset":6,"xadvance":33,"chnl":15,"x":60,"y":144,"page":0},{"id":105,"index":78,"char":"i","width":11,"height":32,"xoffset":0,"yoffset":4,"xadvance":10,"chnl":15,"x":67,"y":109,"page":0},{"id":109,"index":82,"char":"m","width":32,"height":24,"xoffset":0,"yoffset":12,"xadvance":32,"chnl":15,"x":79,"y":109,"page":0},{"id":119,"index":92,"char":"w","width":32,"height":24,"xoffset":-2,"yoffset":12,"xadvance":28,"chnl":15,"x":92,"y":75,"page":0},{"id":224,"index":148,"char":"à","width":22,"height":32,"xoffset":-1,"yoffset":4,"xadvance":21,"chnl":15,"x":102,"y":36,"page":0},{"id":226,"index":150,"char":"â","width":22,"height":32,"xoffset":-1,"yoffset":5,"xadvance":21,"chnl":15,"x":113,"y":0,"page":0},{"id":233,"index":157,"char":"é","width":23,"height":32,"xoffset":-1,"yoffset":4,"xadvance":21,"chnl":15,"x":79,"y":175,"page":0},{"id":232,"index":156,"char":"è","width":23,"height":32,"xoffset":-1,"yoffset":4,"xadvance":21,"chnl":15,"x":93,"y":134,"page":0},{"id":234,"index":158,"char":"ê","width":23,"height":32,"xoffset":-1,"yoffset":5,"xadvance":21,"chnl":15,"x":112,"y":100,"page":0},{"id":244,"index":167,"char":"ô","width":24,"height":32,"xoffset":-1,"yoffset":5,"xadvance":22,"chnl":15,"x":125,"y":33,"page":0},{"id":231,"index":155,"char":"ç","width":20,"height":32,"xoffset":-1,"yoffset":12,"xadvance":19,"chnl":15,"x":136,"y":0,"page":0},{"id":98,"index":71,"char":"b","width":24,"height":31,"xoffset":0,"yoffset":6,"xadvance":23,"chnl":15,"x":125,"y":66,"page":0},{"id":100,"index":73,"char":"d","width":24,"height":31,"xoffset":-1,"yoffset":6,"xadvance":23,"chnl":15,"x":0,"y":384,"page":0},{"id":102,"index":75,"char":"f","width":20,"height":31,"xoffset":-1,"yoffset":5,"xadvance":17,"chnl":15,"x":23,"y":345,"page":0},{"id":103,"index":76,"char":"g","width":24,"height":31,"xoffset":-1,"yoffset":12,"xadvance":23,"chnl":15,"x":0,"y":416,"page":0},{"id":112,"index":85,"char":"p","width":24,"height":31,"xoffset":0,"yoffset":12,"xadvance":23,"chnl":15,"x":0,"y":448,"page":0},{"id":113,"index":86,"char":"q","width":24,"height":31,"xoffset":-1,"yoffset":12,"xadvance":23,"chnl":15,"x":0,"y":480,"page":0},{"id":33,"index":6,"char":"!","width":11,"height":31,"xoffset":1,"yoffset":6,"xadvance":13,"chnl":15,"x":25,"y":377,"page":0},{"id":65,"index":38,"char":"A","width":27,"height":30,"xoffset":-2,"yoffset":6,"xadvance":24,"chnl":15,"x":25,"y":409,"page":0},{"id":66,"index":39,"char":"B","width":23,"height":30,"xoffset":1,"yoffset":6,"xadvance":23,"chnl":15,"x":37,"y":377,"page":0},{"id":67,"index":40,"char":"C","width":22,"height":30,"xoffset":0,"yoffset":6,"xadvance":21,"chnl":15,"x":44,"y":345,"page":0},{"id":68,"index":41,"char":"D","width":24,"height":30,"xoffset":1,"yoffset":6,"xadvance":24,"chnl":15,"x":54,"y":303,"page":0},{"id":69,"index":42,"char":"E","width":21,"height":30,"xoffset":1,"yoffset":6,"xadvance":21,"chnl":15,"x":74,"y":263,"page":0},{"id":70,"index":43,"char":"F","width":21,"height":30,"xoffset":1,"yoffset":6,"xadvance":20,"chnl":15,"x":84,"y":208,"page":0},{"id":71,"index":44,"char":"G","width":24,"height":30,"xoffset":0,"yoffset":6,"xadvance":23,"chnl":15,"x":103,"y":167,"page":0},{"id":72,"index":45,"char":"H","width":25,"height":30,"xoffset":1,"yoffset":6,"xadvance":26,"chnl":15,"x":117,"y":133,"page":0},{"id":73,"index":46,"char":"I","width":10,"height":30,"xoffset":1,"yoffset":6,"xadvance":12,"chnl":15,"x":136,"y":98,"page":0},{"id":74,"index":47,"char":"J","width":18,"height":30,"xoffset":-1,"yoffset":6,"xadvance":17,"chnl":15,"x":25,"y":440,"page":0},{"id":75,"index":48,"char":"K","width":25,"height":30,"xoffset":1,"yoffset":6,"xadvance":23,"chnl":15,"x":25,"y":471,"page":0},{"id":76,"index":49,"char":"L","width":21,"height":30,"xoffset":1,"yoffset":6,"xadvance":20,"chnl":15,"x":44,"y":440,"page":0},{"id":78,"index":51,"char":"N","width":25,"height":30,"xoffset":1,"yoffset":6,"xadvance":26,"chnl":15,"x":53,"y":408,"page":0},{"id":79,"index":52,"char":"O","width":26,"height":30,"xoffset":0,"yoffset":6,"xadvance":25,"chnl":15,"x":61,"y":376,"page":0},{"id":80,"index":53,"char":"P","width":24,"height":30,"xoffset":1,"yoffset":6,"xadvance":23,"chnl":15,"x":51,"y":471,"page":0},{"id":82,"index":55,"char":"R","width":24,"height":30,"xoffset":1,"yoffset":6,"xadvance":23,"chnl":15,"x":66,"y":439,"page":0},{"id":83,"index":56,"char":"S","width":22,"height":30,"xoffset":0,"yoffset":6,"xadvance":21,"chnl":15,"x":79,"y":407,"page":0},{"id":84,"index":57,"char":"T","width":23,"height":30,"xoffset":-1,"yoffset":6,"xadvance":21,"chnl":15,"x":67,"y":334,"page":0},{"id":85,"index":58,"char":"U","width":24,"height":30,"xoffset":0,"yoffset":6,"xadvance":24,"chnl":15,"x":79,"y":294,"page":0},{"id":86,"index":59,"char":"V","width":27,"height":30,"xoffset":-2,"yoffset":6,"xadvance":23,"chnl":15,"x":88,"y":365,"page":0},{"id":88,"index":61,"char":"X","width":25,"height":30,"xoffset":-2,"yoffset":6,"xadvance":21,"chnl":15,"x":91,"y":325,"page":0},{"id":89,"index":62,"char":"Y","width":27,"height":30,"xoffset":-2,"yoffset":6,"xadvance":23,"chnl":15,"x":76,"y":470,"page":0},{"id":90,"index":63,"char":"Z","width":22,"height":30,"xoffset":-1,"yoffset":6,"xadvance":20,"chnl":15,"x":91,"y":438,"page":0},{"id":104,"index":77,"char":"h","width":22,"height":30,"xoffset":0,"yoffset":6,"xadvance":22,"chnl":15,"x":102,"y":396,"page":0},{"id":107,"index":80,"char":"k","width":24,"height":30,"xoffset":0,"yoffset":6,"xadvance":22,"chnl":15,"x":116,"y":356,"page":0},{"id":108,"index":81,"char":"l","width":10,"height":30,"xoffset":0,"yoffset":6,"xadvance":10,"chnl":15,"x":104,"y":469,"page":0},{"id":116,"index":89,"char":"t","width":20,"height":30,"xoffset":-1,"yoffset":6,"xadvance":18,"chnl":15,"x":114,"y":427,"page":0},{"id":121,"index":94,"char":"y","width":24,"height":30,"xoffset":-2,"yoffset":12,"xadvance":20,"chnl":15,"x":125,"y":387,"page":0},{"id":48,"index":21,"char":"0","width":24,"height":30,"xoffset":0,"yoffset":6,"xadvance":24,"chnl":15,"x":96,"y":239,"page":0},{"id":49,"index":22,"char":"1","width":16,"height":30,"xoffset":-1,"yoffset":6,"xadvance":15,"chnl":15,"x":106,"y":198,"page":0},{"id":50,"index":23,"char":"2","width":22,"height":30,"xoffset":-1,"yoffset":6,"xadvance":20,"chnl":15,"x":115,"y":458,"page":0},{"id":51,"index":24,"char":"3","width":22,"height":30,"xoffset":-1,"yoffset":6,"xadvance":20,"chnl":15,"x":135,"y":418,"page":0},{"id":52,"index":25,"char":"4","width":24,"height":30,"xoffset":-1,"yoffset":6,"xadvance":22,"chnl":15,"x":104,"y":270,"page":0},{"id":53,"index":26,"char":"5","width":22,"height":30,"xoffset":0,"yoffset":6,"xadvance":21,"chnl":15,"x":121,"y":229,"page":0},{"id":54,"index":27,"char":"6","width":24,"height":30,"xoffset":0,"yoffset":6,"xadvance":23,"chnl":15,"x":123,"y":198,"page":0},{"id":55,"index":28,"char":"7","width":22,"height":30,"xoffset":-1,"yoffset":6,"xadvance":20,"chnl":15,"x":128,"y":164,"page":0},{"id":56,"index":29,"char":"8","width":24,"height":30,"xoffset":-1,"yoffset":6,"xadvance":23,"chnl":15,"x":143,"y":129,"page":0},{"id":57,"index":30,"char":"9","width":24,"height":30,"xoffset":-1,"yoffset":6,"xadvance":23,"chnl":15,"x":147,"y":98,"page":0},{"id":63,"index":36,"char":"?","width":21,"height":30,"xoffset":-1,"yoffset":6,"xadvance":19,"chnl":15,"x":117,"y":301,"page":0},{"id":47,"index":20,"char":"/","width":20,"height":30,"xoffset":-1,"yoffset":6,"xadvance":17,"chnl":15,"x":129,"y":260,"page":0},{"id":163,"index":102,"char":"£","width":22,"height":30,"xoffset":-1,"yoffset":6,"xadvance":21,"chnl":15,"x":144,"y":229,"page":0},{"id":35,"index":8,"char":"#","width":29,"height":30,"xoffset":-2,"yoffset":6,"xadvance":26,"chnl":15,"x":148,"y":195,"page":0},{"id":38,"index":11,"char":"&","width":29,"height":30,"xoffset":-1,"yoffset":6,"xadvance":26,"chnl":15,"x":151,"y":160,"page":0},{"id":92,"index":65,"char":"\\","width":20,"height":30,"xoffset":-1,"yoffset":6,"xadvance":17,"chnl":15,"x":168,"y":129,"page":0},{"id":8364,"index":202,"char":"€","width":24,"height":30,"xoffset":-1,"yoffset":6,"xadvance":22,"chnl":15,"x":138,"y":449,"page":0},{"id":59,"index":32,"char":";","width":13,"height":29,"xoffset":-1,"yoffset":12,"xadvance":13,"chnl":15,"x":138,"y":480,"page":0},{"id":248,"index":171,"char":"ø","width":24,"height":28,"xoffset":-1,"yoffset":10,"xadvance":22,"chnl":15,"x":152,"y":480,"page":0},{"id":97,"index":70,"char":"a","width":22,"height":25,"xoffset":-1,"yoffset":12,"xadvance":21,"chnl":15,"x":150,"y":33,"page":0},{"id":99,"index":72,"char":"c","width":20,"height":25,"xoffset":-1,"yoffset":12,"xadvance":19,"chnl":15,"x":157,"y":0,"page":0},{"id":101,"index":74,"char":"e","width":23,"height":25,"xoffset":-1,"yoffset":12,"xadvance":21,"chnl":15,"x":150,"y":59,"page":0},{"id":111,"index":84,"char":"o","width":24,"height":25,"xoffset":-1,"yoffset":12,"xadvance":22,"chnl":15,"x":173,"y":26,"page":0},{"id":115,"index":88,"char":"s","width":21,"height":25,"xoffset":-1,"yoffset":12,"xadvance":19,"chnl":15,"x":178,"y":0,"page":0},{"id":58,"index":31,"char":":","width":11,"height":25,"xoffset":1,"yoffset":12,"xadvance":12,"chnl":15,"x":172,"y":85,"page":0},{"id":110,"index":83,"char":"n","width":22,"height":24,"xoffset":0,"yoffset":12,"xadvance":22,"chnl":15,"x":174,"y":52,"page":0},{"id":114,"index":87,"char":"r","width":17,"height":24,"xoffset":0,"yoffset":12,"xadvance":16,"chnl":15,"x":184,"y":77,"page":0},{"id":117,"index":90,"char":"u","width":22,"height":24,"xoffset":0,"yoffset":12,"xadvance":22,"chnl":15,"x":197,"y":52,"page":0},{"id":118,"index":91,"char":"v","width":24,"height":24,"xoffset":-2,"yoffset":12,"xadvance":20,"chnl":15,"x":198,"y":26,"page":0},{"id":120,"index":93,"char":"x","width":23,"height":24,"xoffset":-2,"yoffset":12,"xadvance":19,"chnl":15,"x":200,"y":0,"page":0},{"id":122,"index":95,"char":"z","width":20,"height":24,"xoffset":-1,"yoffset":12,"xadvance":18,"chnl":15,"x":184,"y":102,"page":0},{"id":43,"index":16,"char":"+","width":20,"height":22,"xoffset":0,"yoffset":13,"xadvance":20,"chnl":15,"x":117,"y":332,"page":0},{"id":42,"index":15,"char":"*","width":21,"height":20,"xoffset":-1,"yoffset":6,"xadvance":19,"chnl":15,"x":115,"y":489,"page":0},{"id":178,"index":110,"char":"²","width":16,"height":21,"xoffset":-1,"yoffset":6,"xadvance":15,"chnl":15,"x":138,"y":332,"page":0},{"id":61,"index":34,"char":"=","width":18,"height":19,"xoffset":0,"yoffset":15,"xadvance":18,"chnl":15,"x":60,"y":175,"page":0},{"id":176,"index":109,"char":"°","width":18,"height":18,"xoffset":-1,"yoffset":6,"xadvance":15,"chnl":15,"x":202,"y":77,"page":0},{"id":126,"index":99,"char":"~","width":18,"height":11,"xoffset":0,"yoffset":15,"xadvance":17,"chnl":15,"x":76,"y":501,"page":0},{"id":44,"index":17,"char":",","width":13,"height":15,"xoffset":0,"yoffset":25,"xadvance":13,"chnl":15,"x":220,"y":51,"page":0},{"id":45,"index":18,"char":"-","width":14,"height":9,"xoffset":0,"yoffset":18,"xadvance":13,"chnl":15,"x":106,"y":229,"page":0},{"id":39,"index":12,"char":"'","width":10,"height":14,"xoffset":-1,"yoffset":6,"xadvance":8,"chnl":15,"x":84,"y":239,"page":0},{"id":96,"index":69,"char":"`","width":14,"height":10,"xoffset":-1,"yoffset":4,"xadvance":12,"chnl":15,"x":67,"y":365,"page":0},{"id":46,"index":19,"char":".","width":11,"height":11,"xoffset":1,"yoffset":26,"xadvance":12,"chnl":15,"x":172,"y":111,"page":0},{"id":167,"index":0,"char":"§","width":0,"height":0,"xoffset":-2,"yoffset":32,"xadvance":19,"chnl":15,"x":36,"y":39,"page":0},{"id":181,"index":0,"char":"µ","width":0,"height":0,"xoffset":-2,"yoffset":32,"xadvance":19,"chnl":15,"x":27,"y":119,"page":0},{"id":32,"index":5,"char":" ","width":0,"height":0,"xoffset":-2,"yoffset":32,"xadvance":9,"chnl":15,"x":39,"y":157,"page":0}],"info":{"face":"olivier-bold","size":42,"bold":0,"italic":0,"charset":["A","B","C","D","E","F","G","H","I","J","K","L","M","N","O","P","Q","R","S","T","U","V","W","X","Y","Z","a","b","c","d","e","f","g","h","i","j","k","l","m","n","o","p","q","r","s","t","u","v","w","x","y","z","0","1","2","3","4","5","6","7","8","9",".","?","!","/",":",";",",","*","§","£","$","ø","@","+","°","-","~","#","&","²","'","{","}","[","]","|","`","\\","(",")","=","%","µ"," ","à","â","é","è","ë","ê","ï","î","ö","ô","ù","ü","û","À","Â","É","È","Ë","Ê","Ï","Î","Ö","Ô","Ü","Û","ç","Ç","€"],"unicode":1,"stretchH":100,"smooth":1,"aa":1,"padding":[2,2,2,2],"spacing":[0,0]},"common":{"lineHeight":45,"base":32,"scaleW":512,"scaleH":512,"pages":1,"packed":0,"alphaChnl":0,"redChnl":0,"greenChnl":0,"blueChnl":0},"distanceField":{"fieldType":"msdf","distanceRange":4},"kernings":[{"first":65,"second":65,"amount":1},{"first":65,"second":67,"amount":-1},{"first":65,"second":71,"amount":-1},{"first":65,"second":74,"amount":1},{"first":65,"second":79,"amount":-1},{"first":65,"second":81,"amount":-1},{"first":65,"second":84,"amount":-2},{"first":65,"second":85,"amount":-1},{"first":65,"second":86,"amount":-1},{"first":65,"second":87,"amount":-1},{"first":65,"second":88,"amount":1},{"first":65,"second":89,"amount":-2},{"first":65,"second":90,"amount":1},{"first":65,"second":97,"amount":0},{"first":65,"second":99,"amount":0},{"first":65,"second":100,"amount":0},{"first":65,"second":101,"amount":0},{"first":65,"second":103,"amount":0},{"first":65,"second":111,"amount":0},{"first":65,"second":113,"amount":0},{"first":65,"second":118,"amount":-1},{"first":65,"second":119,"amount":-1},{"first":65,"second":120,"amount":1},{"first":65,"second":121,"amount":-1},{"first":65,"second":48,"amount":-1},{"first":65,"second":54,"amount":-1},{"first":65,"second":248,"amount":0},{"first":65,"second":64,"amount":-1},{"first":65,"second":224,"amount":0},{"first":65,"second":226,"amount":0},{"first":65,"second":233,"amount":0},{"first":65,"second":232,"amount":0},{"first":65,"second":235,"amount":0},{"first":65,"second":234,"amount":0},{"first":65,"second":246,"amount":0},{"first":65,"second":244,"amount":0},{"first":65,"second":192,"amount":1},{"first":65,"second":194,"amount":1},{"first":65,"second":214,"amount":-1},{"first":65,"second":212,"amount":-1},{"first":65,"second":220,"amount":-1},{"first":65,"second":219,"amount":-1},{"first":65,"second":231,"amount":0},{"first":65,"second":199,"amount":-1},{"first":66,"second":65,"amount":0},{"first":66,"second":89,"amount":-1},{"first":66,"second":118,"amount":1},{"first":66,"second":122,"amount":0},{"first":66,"second":192,"amount":0},{"first":66,"second":194,"amount":0},{"first":67,"second":86,"amount":0},{"first":68,"second":65,"amount":-1},{"first":68,"second":86,"amount":0},{"first":68,"second":87,"amount":-1},{"first":68,"second":89,"amount":-1},{"first":68,"second":97,"amount":0},{"first":68,"second":99,"amount":0},{"first":68,"second":101,"amount":0},{"first":68,"second":106,"amount":0},{"first":68,"second":111,"amount":0},{"first":68,"second":248,"amount":0},{"first":68,"second":224,"amount":0},{"first":68,"second":226,"amount":0},{"first":68,"second":233,"amount":0},{"first":68,"second":232,"amount":0},{"first":68,"second":235,"amount":0},{"first":68,"second":234,"amount":0},{"first":68,"second":246,"amount":0},{"first":68,"second":244,"amount":0},{"first":68,"second":192,"amount":-1},{"first":68,"second":194,"amount":-1},{"first":68,"second":231,"amount":0},{"first":69,"second":97,"amount":0},{"first":69,"second":99,"amount":0},{"first":69,"second":100,"amount":0},{"first":69,"second":101,"amount":0},{"first":69,"second":103,"amount":0},{"first":69,"second":111,"amount":0},{"first":69,"second":113,"amount":0},{"first":69,"second":248,"amount":0},{"first":69,"second":224,"amount":0},{"first":69,"second":226,"amount":0},{"first":69,"second":233,"amount":0},{"first":69,"second":232,"amount":0},{"first":69,"second":235,"amount":0},{"first":69,"second":234,"amount":0},{"first":69,"second":246,"amount":0},{"first":69,"second":244,"amount":0},{"first":69,"second":231,"amount":0},{"first":70,"second":65,"amount":-2},{"first":70,"second":74,"amount":-3},{"first":70,"second":99,"amount":-1},{"first":70,"second":101,"amount":-1},{"first":70,"second":109,"amount":-1},{"first":70,"second":110,"amount":-1},{"first":70,"second":111,"amount":-1},{"first":70,"second":112,"amount":-1},{"first":70,"second":114,"amount":-1},{"first":70,"second":115,"amount":-1},{"first":70,"second":117,"amount":-1},{"first":70,"second":121,"amount":0},{"first":70,"second":46,"amount":-4},{"first":70,"second":44,"amount":-4},{"first":70,"second":248,"amount":-1},{"first":70,"second":233,"amount":-1},{"first":70,"second":232,"amount":-1},{"first":70,"second":235,"amount":-1},{"first":70,"second":234,"amount":-1},{"first":70,"second":246,"amount":-1},{"first":70,"second":244,"amount":-1},{"first":70,"second":249,"amount":-1},{"first":70,"second":252,"amount":-1},{"first":70,"second":251,"amount":-1},{"first":70,"second":192,"amount":-2},{"first":70,"second":194,"amount":-2},{"first":70,"second":231,"amount":-1},{"first":71,"second":65,"amount":0},{"first":71,"second":74,"amount":0},{"first":71,"second":86,"amount":-1},{"first":71,"second":87,"amount":0},{"first":71,"second":88,"amount":-1},{"first":71,"second":89,"amount":-1},{"first":71,"second":192,"amount":0},{"first":71,"second":194,"amount":0},{"first":72,"second":120,"amount":0},{"first":73,"second":120,"amount":0},{"first":74,"second":65,"amount":0},{"first":74,"second":46,"amount":-1},{"first":74,"second":44,"amount":-1},{"first":74,"second":192,"amount":0},{"first":74,"second":194,"amount":0},{"first":75,"second":65,"amount":0},{"first":75,"second":67,"amount":-1},{"first":75,"second":71,"amount":-1},{"first":75,"second":79,"amount":-1},{"first":75,"second":81,"amount":-1},{"first":75,"second":83,"amount":-1},{"first":75,"second":86,"amount":0},{"first":75,"second":97,"amount":-1},{"first":75,"second":99,"amount":-2},{"first":75,"second":101,"amount":-2},{"first":75,"second":105,"amount":-1},{"first":75,"second":109,"amount":-1},{"first":75,"second":110,"amount":-1},{"first":75,"second":111,"amount":-2},{"first":75,"second":112,"amount":-1},{"first":75,"second":114,"amount":-1},{"first":75,"second":117,"amount":-1},{"first":75,"second":121,"amount":-3},{"first":75,"second":48,"amount":-1},{"first":75,"second":54,"amount":-1},{"first":75,"second":36,"amount":-1},{"first":75,"second":248,"amount":-2},{"first":75,"second":64,"amount":-1},{"first":75,"second":224,"amount":-1},{"first":75,"second":226,"amount":-1},{"first":75,"second":233,"amount":-2},{"first":75,"second":232,"amount":-2},{"first":75,"second":235,"amount":-2},{"first":75,"second":234,"amount":-2},{"first":75,"second":239,"amount":-1},{"first":75,"second":238,"amount":-1},{"first":75,"second":246,"amount":-2},{"first":75,"second":244,"amount":-2},{"first":75,"second":249,"amount":-1},{"first":75,"second":252,"amount":-1},{"first":75,"second":251,"amount":-1},{"first":75,"second":192,"amount":0},{"first":75,"second":194,"amount":0},{"first":75,"second":214,"amount":-1},{"first":75,"second":212,"amount":-1},{"first":75,"second":231,"amount":-2},{"first":75,"second":199,"amount":-1},{"first":76,"second":65,"amount":1},{"first":76,"second":67,"amount":-1},{"first":76,"second":71,"amount":-1},{"first":76,"second":79,"amount":-1},{"first":76,"second":81,"amount":-1},{"first":76,"second":84,"amount":-3},{"first":76,"second":85,"amount":-1},{"first":76,"second":89,"amount":-2},{"first":76,"second":116,"amount":-3},{"first":76,"second":117,"amount":0},{"first":76,"second":121,"amount":-2},{"first":76,"second":48,"amount":-1},{"first":76,"second":54,"amount":-1},{"first":76,"second":64,"amount":-1},{"first":76,"second":249,"amount":0},{"first":76,"second":252,"amount":0},{"first":76,"second":251,"amount":0},{"first":76,"second":192,"amount":1},{"first":76,"second":194,"amount":1},{"first":76,"second":214,"amount":-1},{"first":76,"second":212,"amount":-1},{"first":76,"second":220,"amount":-1},{"first":76,"second":219,"amount":-1},{"first":76,"second":199,"amount":-1},{"first":77,"second":120,"amount":0},{"first":78,"second":120,"amount":0},{"first":79,"second":65,"amount":-1},{"first":79,"second":84,"amount":-1},{"first":79,"second":86,"amount":0},{"first":79,"second":87,"amount":0},{"first":79,"second":88,"amount":-1},{"first":79,"second":89,"amount":-1},{"first":79,"second":106,"amount":0},{"first":79,"second":115,"amount":0},{"first":79,"second":120,"amount":-1},{"first":79,"second":122,"amount":-1},{"first":79,"second":192,"amount":-1},{"first":79,"second":194,"amount":-1},{"first":80,"second":65,"amount":-2},{"first":80,"second":74,"amount":-3},{"first":80,"second":87,"amount":0},{"first":80,"second":88,"amount":-1},{"first":80,"second":89,"amount":0},{"first":80,"second":97,"amount":0},{"first":80,"second":99,"amount":0},{"first":80,"second":101,"amount":0},{"first":80,"second":111,"amount":0},{"first":80,"second":116,"amount":1},{"first":80,"second":118,"amount":1},{"first":80,"second":119,"amount":1},{"first":80,"second":121,"amount":1},{"first":80,"second":46,"amount":-4},{"first":80,"second":44,"amount":-4},{"first":80,"second":248,"amount":0},{"first":80,"second":224,"amount":0},{"first":80,"second":226,"amount":0},{"first":80,"second":233,"amount":0},{"first":80,"second":232,"amount":0},{"first":80,"second":235,"amount":0},{"first":80,"second":234,"amount":0},{"first":80,"second":246,"amount":0},{"first":80,"second":244,"amount":0},{"first":80,"second":192,"amount":-2},{"first":80,"second":194,"amount":-2},{"first":80,"second":231,"amount":0},{"first":81,"second":65,"amount":-1},{"first":81,"second":84,"amount":-1},{"first":81,"second":86,"amount":0},{"first":81,"second":87,"amount":0},{"first":81,"second":88,"amount":-1},{"first":81,"second":89,"amount":-1},{"first":81,"second":106,"amount":0},{"first":81,"second":115,"amount":0},{"first":81,"second":120,"amount":-1},{"first":81,"second":122,"amount":-1},{"first":81,"second":192,"amount":-1},{"first":81,"second":194,"amount":-1},{"first":82,"second":65,"amount":1},{"first":82,"second":84,"amount":0},{"first":82,"second":86,"amount":0},{"first":82,"second":97,"amount":0},{"first":82,"second":115,"amount":0},{"first":82,"second":117,"amount":0},{"first":82,"second":119,"amount":1},{"first":82,"second":121,"amount":0},{"first":82,"second":224,"amount":0},{"first":82,"second":226,"amount":0},{"first":82,"second":249,"amount":0},{"first":82,"second":252,"amount":0},{"first":82,"second":251,"amount":0},{"first":82,"second":192,"amount":1},{"first":82,"second":194,"amount":1},{"first":83,"second":84,"amount":0},{"first":83,"second":88,"amount":0},{"first":83,"second":90,"amount":0},{"first":83,"second":116,"amount":0},{"first":83,"second":118,"amount":-1},{"first":83,"second":119,"amount":0},{"first":83,"second":121,"amount":-1},{"first":83,"second":122,"amount":-1},{"first":84,"second":65,"amount":-2},{"first":84,"second":67,"amount":-1},{"first":84,"second":71,"amount":-1},{"first":84,"second":79,"amount":-1},{"first":84,"second":81,"amount":-1},{"first":84,"second":83,"amount":0},{"first":84,"second":84,"amount":0},{"first":84,"second":89,"amount":0},{"first":84,"second":97,"amount":-3},{"first":84,"second":99,"amount":-3},{"first":84,"second":100,"amount":-3},{"first":84,"second":101,"amount":-3},{"first":84,"second":103,"amount":-3},{"first":84,"second":109,"amount":-1},{"first":84,"second":110,"amount":-1},{"first":84,"second":111,"amount":-3},{"first":84,"second":112,"amount":-1},{"first":84,"second":113,"amount":-3},{"first":84,"second":114,"amount":-1},{"first":84,"second":115,"amount":-2},{"first":84,"second":117,"amount":-1},{"first":84,"second":122,"amount":-1},{"first":84,"second":48,"amount":-1},{"first":84,"second":54,"amount":-1},{"first":84,"second":46,"amount":-4},{"first":84,"second":44,"amount":-4},{"first":84,"second":36,"amount":0},{"first":84,"second":248,"amount":-3},{"first":84,"second":64,"amount":-1},{"first":84,"second":224,"amount":-3},{"first":84,"second":226,"amount":-3},{"first":84,"second":233,"amount":-3},{"first":84,"second":232,"amount":-3},{"first":84,"second":235,"amount":-3},{"first":84,"second":234,"amount":-3},{"first":84,"second":246,"amount":-3},{"first":84,"second":244,"amount":-3},{"first":84,"second":249,"amount":-1},{"first":84,"second":252,"amount":-1},{"first":84,"second":251,"amount":-1},{"first":84,"second":192,"amount":-2},{"first":84,"second":194,"amount":-2},{"first":84,"second":214,"amount":-1},{"first":84,"second":212,"amount":-1},{"first":84,"second":231,"amount":-3},{"first":84,"second":199,"amount":-1},{"first":85,"second":65,"amount":0},{"first":85,"second":192,"amount":0},{"first":85,"second":194,"amount":0},{"first":86,"second":65,"amount":-1},{"first":86,"second":67,"amount":-1},{"first":86,"second":71,"amount":-1},{"first":86,"second":74,"amount":-2},{"first":86,"second":79,"amount":-1},{"first":86,"second":81,"amount":-1},{"first":86,"second":97,"amount":-1},{"first":86,"second":99,"amount":-1},{"first":86,"second":101,"amount":-1},{"first":86,"second":111,"amount":-1},{"first":86,"second":115,"amount":-1},{"first":86,"second":48,"amount":-1},{"first":86,"second":54,"amount":-1},{"first":86,"second":46,"amount":-3},{"first":86,"second":44,"amount":-3},{"first":86,"second":248,"amount":-1},{"first":86,"second":64,"amount":-1},{"first":86,"second":41,"amount":1},{"first":86,"second":224,"amount":-1},{"first":86,"second":226,"amount":-1},{"first":86,"second":233,"amount":-1},{"first":86,"second":232,"amount":-1},{"first":86,"second":235,"amount":-1},{"first":86,"second":234,"amount":-1},{"first":86,"second":246,"amount":-1},{"first":86,"second":244,"amount":-1},{"first":86,"second":192,"amount":-1},{"first":86,"second":194,"amount":-1},{"first":86,"second":214,"amount":-1},{"first":86,"second":212,"amount":-1},{"first":86,"second":231,"amount":-1},{"first":86,"second":199,"amount":-1},{"first":87,"second":65,"amount":-1},{"first":87,"second":67,"amount":0},{"first":87,"second":71,"amount":0},{"first":87,"second":74,"amount":-2},{"first":87,"second":79,"amount":0},{"first":87,"second":81,"amount":0},{"first":87,"second":87,"amount":1},{"first":87,"second":97,"amount":-1},{"first":87,"second":99,"amount":-1},{"first":87,"second":101,"amount":-1},{"first":87,"second":111,"amount":-1},{"first":87,"second":48,"amount":0},{"first":87,"second":54,"amount":0},{"first":87,"second":46,"amount":-3},{"first":87,"second":44,"amount":-3},{"first":87,"second":248,"amount":-1},{"first":87,"second":64,"amount":0},{"first":87,"second":224,"amount":-1},{"first":87,"second":226,"amount":-1},{"first":87,"second":233,"amount":-1},{"first":87,"second":232,"amount":-1},{"first":87,"second":235,"amount":-1},{"first":87,"second":234,"amount":-1},{"first":87,"second":246,"amount":-1},{"first":87,"second":244,"amount":-1},{"first":87,"second":192,"amount":-1},{"first":87,"second":194,"amount":-1},{"first":87,"second":214,"amount":0},{"first":87,"second":212,"amount":0},{"first":87,"second":231,"amount":-1},{"first":87,"second":199,"amount":0},{"first":88,"second":65,"amount":0},{"first":88,"second":67,"amount":-1},{"first":88,"second":71,"amount":-1},{"first":88,"second":79,"amount":-1},{"first":88,"second":81,"amount":-1},{"first":88,"second":84,"amount":0},{"first":88,"second":97,"amount":0},{"first":88,"second":121,"amount":-1},{"first":88,"second":48,"amount":-1},{"first":88,"second":54,"amount":-1},{"first":88,"second":64,"amount":-1},{"first":88,"second":224,"amount":0},{"first":88,"second":226,"amount":0},{"first":88,"second":192,"amount":0},{"first":88,"second":194,"amount":0},{"first":88,"second":214,"amount":-1},{"first":88,"second":212,"amount":-1},{"first":88,"second":199,"amount":-1},{"first":89,"second":65,"amount":-2},{"first":89,"second":67,"amount":-1},{"first":89,"second":71,"amount":-1},{"first":89,"second":74,"amount":-3},{"first":89,"second":79,"amount":-1},{"first":89,"second":81,"amount":-1},{"first":89,"second":83,"amount":-1},{"first":89,"second":84,"amount":0},{"first":89,"second":97,"amount":-2},{"first":89,"second":99,"amount":-3},{"first":89,"second":100,"amount":-3},{"first":89,"second":101,"amount":-3},{"first":89,"second":103,"amount":-3},{"first":89,"second":111,"amount":-3},{"first":89,"second":113,"amount":-3},{"first":89,"second":115,"amount":-2},{"first":89,"second":117,"amount":-2},{"first":89,"second":48,"amount":-1},{"first":89,"second":54,"amount":-1},{"first":89,"second":46,"amount":-4},{"first":89,"second":44,"amount":-4},{"first":89,"second":36,"amount":-1},{"first":89,"second":248,"amount":-3},{"first":89,"second":64,"amount":-1},{"first":89,"second":224,"amount":-2},{"first":89,"second":226,"amount":-2},{"first":89,"second":233,"amount":-3},{"first":89,"second":232,"amount":-3},{"first":89,"second":235,"amount":-3},{"first":89,"second":234,"amount":-3},{"first":89,"second":246,"amount":-3},{"first":89,"second":244,"amount":-3},{"first":89,"second":249,"amount":-2},{"first":89,"second":252,"amount":-2},{"first":89,"second":251,"amount":-2},{"first":89,"second":192,"amount":-2},{"first":89,"second":194,"amount":-2},{"first":89,"second":214,"amount":-1},{"first":89,"second":212,"amount":-1},{"first":89,"second":231,"amount":-3},{"first":89,"second":199,"amount":-1},{"first":90,"second":99,"amount":-1},{"first":90,"second":101,"amount":-1},{"first":90,"second":111,"amount":-1},{"first":90,"second":248,"amount":-1},{"first":90,"second":233,"amount":-1},{"first":90,"second":232,"amount":-1},{"first":90,"second":235,"amount":-1},{"first":90,"second":234,"amount":-1},{"first":90,"second":246,"amount":-1},{"first":90,"second":244,"amount":-1},{"first":90,"second":231,"amount":-1},{"first":97,"second":116,"amount":0},{"first":98,"second":63,"amount":0},{"first":102,"second":102,"amount":1},{"first":102,"second":116,"amount":0},{"first":102,"second":121,"amount":1},{"first":102,"second":46,"amount":-3},{"first":102,"second":44,"amount":-3},{"first":102,"second":32,"amount":-1},{"first":106,"second":106,"amount":1},{"first":107,"second":97,"amount":-1},{"first":107,"second":99,"amount":-1},{"first":107,"second":100,"amount":-1},{"first":107,"second":101,"amount":-1},{"first":107,"second":103,"amount":-1},{"first":107,"second":111,"amount":-1},{"first":107,"second":113,"amount":-1},{"first":107,"second":115,"amount":0},{"first":107,"second":118,"amount":1},{"first":107,"second":248,"amount":-1},{"first":107,"second":224,"amount":-1},{"first":107,"second":226,"amount":-1},{"first":107,"second":233,"amount":-1},{"first":107,"second":232,"amount":-1},{"first":107,"second":235,"amount":-1},{"first":107,"second":234,"amount":-1},{"first":107,"second":246,"amount":-1},{"first":107,"second":244,"amount":-1},{"first":107,"second":231,"amount":-1},{"first":111,"second":106,"amount":0},{"first":111,"second":116,"amount":0},{"first":111,"second":118,"amount":0},{"first":111,"second":119,"amount":-1},{"first":111,"second":122,"amount":-1},{"first":112,"second":63,"amount":0},{"first":114,"second":102,"amount":1},{"first":114,"second":116,"amount":1},{"first":114,"second":118,"amount":0},{"first":114,"second":46,"amount":-3},{"first":114,"second":44,"amount":-3},{"first":114,"second":32,"amount":-1},{"first":116,"second":100,"amount":0},{"first":116,"second":103,"amount":0},{"first":116,"second":113,"amount":0},{"first":116,"second":116,"amount":1},{"first":116,"second":121,"amount":1},{"first":118,"second":99,"amount":0},{"first":118,"second":101,"amount":0},{"first":118,"second":111,"amount":0},{"first":118,"second":116,"amount":1},{"first":118,"second":46,"amount":-3},{"first":118,"second":44,"amount":-3},{"first":118,"second":248,"amount":0},{"first":118,"second":32,"amount":-1},{"first":118,"second":233,"amount":0},{"first":118,"second":232,"amount":0},{"first":118,"second":235,"amount":0},{"first":118,"second":234,"amount":0},{"first":118,"second":246,"amount":0},{"first":118,"second":244,"amount":0},{"first":118,"second":231,"amount":0},{"first":119,"second":97,"amount":0},{"first":119,"second":99,"amount":0},{"first":119,"second":100,"amount":0},{"first":119,"second":101,"amount":0},{"first":119,"second":103,"amount":0},{"first":119,"second":111,"amount":0},{"first":119,"second":113,"amount":0},{"first":119,"second":119,"amount":1},{"first":119,"second":121,"amount":1},{"first":119,"second":46,"amount":-2},{"first":119,"second":44,"amount":-2},{"first":119,"second":248,"amount":0},{"first":119,"second":32,"amount":-1},{"first":119,"second":224,"amount":0},{"first":119,"second":226,"amount":0},{"first":119,"second":233,"amount":0},{"first":119,"second":232,"amount":0},{"first":119,"second":235,"amount":0},{"first":119,"second":234,"amount":0},{"first":119,"second":246,"amount":0},{"first":119,"second":244,"amount":0},{"first":119,"second":231,"amount":0},{"first":121,"second":99,"amount":-1},{"first":121,"second":100,"amount":-1},{"first":121,"second":101,"amount":-1},{"first":121,"second":102,"amount":1},{"first":121,"second":103,"amount":-1},{"first":121,"second":111,"amount":-1},{"first":121,"second":113,"amount":-1},{"first":121,"second":115,"amount":-1},{"first":121,"second":116,"amount":1},{"first":121,"second":119,"amount":1},{"first":121,"second":120,"amount":1},{"first":121,"second":46,"amount":-2},{"first":121,"second":44,"amount":-2},{"first":121,"second":248,"amount":-1},{"first":121,"second":32,"amount":-1},{"first":121,"second":233,"amount":-1},{"first":121,"second":232,"amount":-1},{"first":121,"second":235,"amount":-1},{"first":121,"second":234,"amount":-1},{"first":121,"second":246,"amount":-1},{"first":121,"second":244,"amount":-1},{"first":121,"second":231,"amount":-1},{"first":122,"second":99,"amount":-1},{"first":122,"second":101,"amount":-1},{"first":122,"second":111,"amount":-1},{"first":122,"second":248,"amount":-1},{"first":122,"second":233,"amount":-1},{"first":122,"second":232,"amount":-1},{"first":122,"second":235,"amount":-1},{"first":122,"second":234,"amount":-1},{"first":122,"second":246,"amount":-1},{"first":122,"second":244,"amount":-1},{"first":122,"second":231,"amount":-1},{"first":48,"second":65,"amount":-1},{"first":48,"second":84,"amount":-1},{"first":48,"second":86,"amount":0},{"first":48,"second":87,"amount":0},{"first":48,"second":88,"amount":-1},{"first":48,"second":89,"amount":-1},{"first":48,"second":106,"amount":0},{"first":48,"second":115,"amount":0},{"first":48,"second":120,"amount":-1},{"first":48,"second":122,"amount":-1},{"first":48,"second":192,"amount":-1},{"first":48,"second":194,"amount":-1},{"first":57,"second":65,"amount":-1},{"first":57,"second":84,"amount":-1},{"first":57,"second":86,"amount":0},{"first":57,"second":87,"amount":0},{"first":57,"second":88,"amount":-1},{"first":57,"second":89,"amount":-1},{"first":57,"second":106,"amount":0},{"first":57,"second":115,"amount":0},{"first":57,"second":120,"amount":-1},{"first":57,"second":122,"amount":-1},{"first":57,"second":192,"amount":-1},{"first":57,"second":194,"amount":-1},{"first":46,"second":84,"amount":-4},{"first":46,"second":86,"amount":-3},{"first":46,"second":87,"amount":-3},{"first":46,"second":89,"amount":-4},{"first":46,"second":118,"amount":-3},{"first":46,"second":119,"amount":-2},{"first":46,"second":121,"amount":-2},{"first":44,"second":84,"amount":-4},{"first":44,"second":86,"amount":-3},{"first":44,"second":87,"amount":-3},{"first":44,"second":89,"amount":-4},{"first":44,"second":118,"amount":-3},{"first":44,"second":119,"amount":-2},{"first":44,"second":121,"amount":-2},{"first":44,"second":32,"amount":-2},{"first":36,"second":84,"amount":0},{"first":36,"second":88,"amount":0},{"first":36,"second":90,"amount":0},{"first":36,"second":116,"amount":0},{"first":36,"second":118,"amount":-1},{"first":36,"second":119,"amount":0},{"first":36,"second":121,"amount":-1},{"first":36,"second":122,"amount":-1},{"first":248,"second":106,"amount":0},{"first":248,"second":116,"amount":0},{"first":248,"second":118,"amount":0},{"first":248,"second":119,"amount":-1},{"first":248,"second":122,"amount":-1},{"first":64,"second":65,"amount":-1},{"first":64,"second":84,"amount":-1},{"first":64,"second":86,"amount":0},{"first":64,"second":87,"amount":0},{"first":64,"second":88,"amount":-1},{"first":64,"second":89,"amount":-1},{"first":64,"second":106,"amount":0},{"first":64,"second":115,"amount":0},{"first":64,"second":120,"amount":-1},{"first":64,"second":122,"amount":-1},{"first":64,"second":192,"amount":-1},{"first":64,"second":194,"amount":-1},{"first":40,"second":86,"amount":1},{"first":32,"second":65,"amount":-1},{"first":32,"second":67,"amount":0},{"first":32,"second":71,"amount":0},{"first":32,"second":79,"amount":0},{"first":32,"second":81,"amount":0},{"first":32,"second":87,"amount":0},{"first":32,"second":97,"amount":-1},{"first":32,"second":99,"amount":-1},{"first":32,"second":100,"amount":-1},{"first":32,"second":101,"amount":-1},{"first":32,"second":102,"amount":-1},{"first":32,"second":103,"amount":-1},{"first":32,"second":106,"amount":-2},{"first":32,"second":111,"amount":-1},{"first":32,"second":113,"amount":-1},{"first":32,"second":115,"amount":0},{"first":32,"second":116,"amount":-1},{"first":32,"second":117,"amount":0},{"first":32,"second":118,"amount":-1},{"first":32,"second":119,"amount":-1},{"first":32,"second":121,"amount":-1},{"first":32,"second":48,"amount":0},{"first":32,"second":54,"amount":0},{"first":32,"second":248,"amount":-1},{"first":32,"second":64,"amount":0},{"first":32,"second":224,"amount":-1},{"first":32,"second":226,"amount":-1},{"first":32,"second":233,"amount":-1},{"first":32,"second":232,"amount":-1},{"first":32,"second":235,"amount":-1},{"first":32,"second":234,"amount":-1},{"first":32,"second":246,"amount":-1},{"first":32,"second":244,"amount":-1},{"first":32,"second":249,"amount":0},{"first":32,"second":252,"amount":0},{"first":32,"second":251,"amount":0},{"first":32,"second":192,"amount":-1},{"first":32,"second":194,"amount":-1},{"first":32,"second":214,"amount":0},{"first":32,"second":212,"amount":0},{"first":32,"second":231,"amount":-1},{"first":32,"second":199,"amount":0},{"first":224,"second":116,"amount":0},{"first":226,"second":116,"amount":0},{"first":246,"second":106,"amount":0},{"first":246,"second":116,"amount":0},{"first":246,"second":118,"amount":0},{"first":246,"second":119,"amount":-1},{"first":246,"second":122,"amount":-1},{"first":244,"second":106,"amount":0},{"first":244,"second":116,"amount":0},{"first":244,"second":118,"amount":0},{"first":244,"second":119,"amount":-1},{"first":244,"second":122,"amount":-1},{"first":192,"second":65,"amount":1},{"first":192,"second":67,"amount":-1},{"first":192,"second":71,"amount":-1},{"first":192,"second":74,"amount":1},{"first":192,"second":79,"amount":-1},{"first":192,"second":81,"amount":-1},{"first":192,"second":84,"amount":-2},{"first":192,"second":85,"amount":-1},{"first":192,"second":86,"amount":-1},{"first":192,"second":87,"amount":-1},{"first":192,"second":88,"amount":1},{"first":192,"second":89,"amount":-2},{"first":192,"second":90,"amount":1},{"first":192,"second":97,"amount":0},{"first":192,"second":99,"amount":0},{"first":192,"second":100,"amount":0},{"first":192,"second":101,"amount":0},{"first":192,"second":103,"amount":0},{"first":192,"second":111,"amount":0},{"first":192,"second":113,"amount":0},{"first":192,"second":118,"amount":-1},{"first":192,"second":119,"amount":-1},{"first":192,"second":120,"amount":1},{"first":192,"second":121,"amount":-1},{"first":192,"second":48,"amount":-1},{"first":192,"second":54,"amount":-1},{"first":192,"second":248,"amount":0},{"first":192,"second":64,"amount":-1},{"first":192,"second":224,"amount":0},{"first":192,"second":226,"amount":0},{"first":192,"second":233,"amount":0},{"first":192,"second":232,"amount":0},{"first":192,"second":235,"amount":0},{"first":192,"second":234,"amount":0},{"first":192,"second":246,"amount":0},{"first":192,"second":244,"amount":0},{"first":192,"second":192,"amount":1},{"first":192,"second":194,"amount":1},{"first":192,"second":214,"amount":-1},{"first":192,"second":212,"amount":-1},{"first":192,"second":220,"amount":-1},{"first":192,"second":219,"amount":-1},{"first":192,"second":231,"amount":0},{"first":192,"second":199,"amount":-1},{"first":194,"second":65,"amount":1},{"first":194,"second":67,"amount":-1},{"first":194,"second":71,"amount":-1},{"first":194,"second":74,"amount":1},{"first":194,"second":79,"amount":-1},{"first":194,"second":81,"amount":-1},{"first":194,"second":84,"amount":-2},{"first":194,"second":85,"amount":-1},{"first":194,"second":86,"amount":-1},{"first":194,"second":87,"amount":-1},{"first":194,"second":88,"amount":1},{"first":194,"second":89,"amount":-2},{"first":194,"second":90,"amount":1},{"first":194,"second":97,"amount":0},{"first":194,"second":99,"amount":0},{"first":194,"second":100,"amount":0},{"first":194,"second":101,"amount":0},{"first":194,"second":103,"amount":0},{"first":194,"second":111,"amount":0},{"first":194,"second":113,"amount":0},{"first":194,"second":118,"amount":-1},{"first":194,"second":119,"amount":-1},{"first":194,"second":120,"amount":1},{"first":194,"second":121,"amount":-1},{"first":194,"second":48,"amount":-1},{"first":194,"second":54,"amount":-1},{"first":194,"second":248,"amount":0},{"first":194,"second":64,"amount":-1},{"first":194,"second":224,"amount":0},{"first":194,"second":226,"amount":0},{"first":194,"second":233,"amount":0},{"first":194,"second":232,"amount":0},{"first":194,"second":235,"amount":0},{"first":194,"second":234,"amount":0},{"first":194,"second":246,"amount":0},{"first":194,"second":244,"amount":0},{"first":194,"second":192,"amount":1},{"first":194,"second":194,"amount":1},{"first":194,"second":214,"amount":-1},{"first":194,"second":212,"amount":-1},{"first":194,"second":220,"amount":-1},{"first":194,"second":219,"amount":-1},{"first":194,"second":231,"amount":0},{"first":194,"second":199,"amount":-1},{"first":201,"second":97,"amount":0},{"first":201,"second":99,"amount":0},{"first":201,"second":100,"amount":0},{"first":201,"second":101,"amount":0},{"first":201,"second":103,"amount":0},{"first":201,"second":111,"amount":0},{"first":201,"second":113,"amount":0},{"first":201,"second":248,"amount":0},{"first":201,"second":224,"amount":0},{"first":201,"second":226,"amount":0},{"first":201,"second":233,"amount":0},{"first":201,"second":232,"amount":0},{"first":201,"second":235,"amount":0},{"first":201,"second":234,"amount":0},{"first":201,"second":246,"amount":0},{"first":201,"second":244,"amount":0},{"first":201,"second":231,"amount":0},{"first":200,"second":97,"amount":0},{"first":200,"second":99,"amount":0},{"first":200,"second":100,"amount":0},{"first":200,"second":101,"amount":0},{"first":200,"second":103,"amount":0},{"first":200,"second":111,"amount":0},{"first":200,"second":113,"amount":0},{"first":200,"second":248,"amount":0},{"first":200,"second":224,"amount":0},{"first":200,"second":226,"amount":0},{"first":200,"second":233,"amount":0},{"first":200,"second":232,"amount":0},{"first":200,"second":235,"amount":0},{"first":200,"second":234,"amount":0},{"first":200,"second":246,"amount":0},{"first":200,"second":244,"amount":0},{"first":200,"second":231,"amount":0},{"first":203,"second":97,"amount":0},{"first":203,"second":99,"amount":0},{"first":203,"second":100,"amount":0},{"first":203,"second":101,"amount":0},{"first":203,"second":103,"amount":0},{"first":203,"second":111,"amount":0},{"first":203,"second":113,"amount":0},{"first":203,"second":248,"amount":0},{"first":203,"second":224,"amount":0},{"first":203,"second":226,"amount":0},{"first":203,"second":233,"amount":0},{"first":203,"second":232,"amount":0},{"first":203,"second":235,"amount":0},{"first":203,"second":234,"amount":0},{"first":203,"second":246,"amount":0},{"first":203,"second":244,"amount":0},{"first":203,"second":231,"amount":0},{"first":202,"second":97,"amount":0},{"first":202,"second":99,"amount":0},{"first":202,"second":100,"amount":0},{"first":202,"second":101,"amount":0},{"first":202,"second":103,"amount":0},{"first":202,"second":111,"amount":0},{"first":202,"second":113,"amount":0},{"first":202,"second":248,"amount":0},{"first":202,"second":224,"amount":0},{"first":202,"second":226,"amount":0},{"first":202,"second":233,"amount":0},{"first":202,"second":232,"amount":0},{"first":202,"second":235,"amount":0},{"first":202,"second":234,"amount":0},{"first":202,"second":246,"amount":0},{"first":202,"second":244,"amount":0},{"first":202,"second":231,"amount":0},{"first":207,"second":120,"amount":0},{"first":206,"second":120,"amount":0},{"first":214,"second":65,"amount":-1},{"first":214,"second":84,"amount":-1},{"first":214,"second":86,"amount":0},{"first":214,"second":87,"amount":0},{"first":214,"second":88,"amount":-1},{"first":214,"second":89,"amount":-1},{"first":214,"second":106,"amount":0},{"first":214,"second":115,"amount":0},{"first":214,"second":120,"amount":-1},{"first":214,"second":122,"amount":-1},{"first":214,"second":192,"amount":-1},{"first":214,"second":194,"amount":-1},{"first":212,"second":65,"amount":-1},{"first":212,"second":84,"amount":-1},{"first":212,"second":86,"amount":0},{"first":212,"second":87,"amount":0},{"first":212,"second":88,"amount":-1},{"first":212,"second":89,"amount":-1},{"first":212,"second":106,"amount":0},{"first":212,"second":115,"amount":0},{"first":212,"second":120,"amount":-1},{"first":212,"second":122,"amount":-1},{"first":212,"second":192,"amount":-1},{"first":212,"second":194,"amount":-1},{"first":220,"second":65,"amount":0},{"first":220,"second":192,"amount":0},{"first":220,"second":194,"amount":0},{"first":219,"second":65,"amount":0},{"first":219,"second":192,"amount":0},{"first":219,"second":194,"amount":0},{"first":199,"second":86,"amount":0}]}